{
  "num_predicates_20": {
    "benchmark": "num_predicates_20",
    "data_path": "/home/yangmg1216/hnstpp/data/paper_suite/datasets/final_logical_tpp/seed_111/num_predicates_20.pkl",
    "config_path": "/home/yangmg1216/hnstpp/data/paper_suite/configs/final_logical_tpp/num_predicates_20.yaml",
    "target": 19,
    "device": "cuda:0",
    "intensity_model": "canonical_loglink",
    "bic": 56486.92413168895,
    "elapsed_sec": 417.5294265002012,
    "family_attribution_passes": 1,
    "post_prune_kernel_df": false,
    "post_prune_penalty_scale": 1.0,
    "post_prune_min_order": 1,
    "post_prune_max_drop_size": 2,
    "component_subset_search": true,
    "component_same_sign_only": true,
    "selected_rule_count": 6,
    "true_rule_count": 6,
    "matched": [
      "A -> T : excitation",
      "B -> T : inhibition",
      "C and D -> T : excitation",
      "C and G and H -> T : excitation",
      "E and F -> T : inhibition"
    ],
    "missing": [
      "D and F and G -> T : inhibition"
    ],
    "extra": [
      "A and B -> T : excitation"
    ],
    "predicted": [
      "A -> T : excitation",
      "A and B -> T : excitation",
      "B -> T : inhibition",
      "C and D -> T : excitation",
      "C and G and H -> T : excitation",
      "E and F -> T : inhibition"
    ],
    "recall": 0.8333333333333334,
    "precision": 0.8333333333333334,
    "kernel_recovery": {
      "num_rule_source_pairs": 9,
      "mean_l1": 0.3785682045775645,
      "mean_l2": 0.21418477404968506,
      "max_l1": 0.868219594596227,
      "max_l2": 0.5471337379424246,
      "details": [
        {
          "rule": "A -> T : excitation",
          "source": 0,
          "kernel_type": "triangular",
          "l1": 0.3656668633620704,
          "l2": 0.1872814703168026,
          "knots": [
            0.0,
            1.6666666666666667,
            3.3333333333333335,
            5.0,
            6.666666666666667,
            8.333333333333334,
            10.0
          ],
          "estimated": [
            0.12536625552720862,
            0.49029994099137886,
            1.2014201526891818e-08,
            0.031198283646148333,
            0.0026725676435105754,
            0.013102603438308892,
            8.692900569493433e-05
          ],
          "truth": [
            0.0,
            0.6,
            0.0,
            0.0,
            0.0,
            0.0,
            0.0
          ]
        },
        {
          "rule": "B -> T : inhibition",
          "source": 1,
          "kernel_type": "triangular",
          "l1": 0.868219594596227,
          "l2": 0.5471337379424246,
          "knots": [
            0.0,
            1.6666666666666667,
            3.3333333333333335,
            5.0,
            6.666666666666667,
            8.333333333333334,
            10.0
          ],
          "estimated": [
            0.4723970424347134,
            0.3395341216211319,
            1.4451458183438298e-08,
            0.009938107450716119,
            0.00412531508391391,
            0.008221784314748121,
            0.003964271721350124
          ],
          "truth": [
            0.0,
            0.6,
            0.0,
            0.0,
            0.0,
            0.0,
            0.0
          ]
        },
        {
          "rule": "C and D -> T : excitation",
          "source": 2,
          "kernel_type": "triangular",
          "l1": 0.23635528495326807,
          "l2": 0.13120309957978715,
          "knots": [
            0.0,
            1.6666666666666667,
            3.3333333333333335,
            5.0,
            6.666666666666667,
            8.333333333333334,
            10.0
          ],
          "estimated": [
            0.09838153612204589,
            0.5290934145140196,
            2.2791490288909016e-05,
            0.021477899234412474,
            0.00020996548390285174,
            1.4444333802825177e-08,
            1.0293544038934331e-05
          ],
          "truth": [
            0.0,
            0.6,
            0.0,
            0.0,
            0.0,
            0.0,
            0.0
          ]
        },
        {
          "rule": "C and D -> T : excitation",
          "source": 3,
          "kernel_type": "triangular",
          "l1": 0.4544720044219842,
          "l2": 0.22670992070959098,
          "knots": [
            0.0,
            1.6666666666666667,
            3.3333333333333335,
            5.0,
            6.666666666666667,
            8.333333333333334,
            10.0
          ],
          "estimated": [
            0.13634239934539372,
            0.4636583986734047,
            3.4852183082838683e-06,
            0.016315301051267515,
            2.5746285572078045e-08,
            0.05185158287283786,
            1.3530398335935943e-08
          ],
          "truth": [
            0.0,
            0.6,
            0.0,
            0.0,
            0.0,
            0.0,
            0.0
          ]
        },
        {
          "rule": "C and G and H -> T : excitation",
          "source": 2,
          "kernel_type": "triangular",
          "l1": 0.17284090726244394,
          "l2": 0.11262155188712228,
          "knots": [
            0.0,
            1.6666666666666667,
            3.3333333333333335,
            5.0,
            6.666666666666667,
            8.333333333333334,
            10.0
          ],
          "estimated": [
            0.10370435514476488,
            0.46181827555430205,
            0.08632945226696467,
            3.4054671803020004e-08,
            2.1037695925746285e-08,
            2.127212173668379e-08,
            3.648372252934808e-08
          ],
          "truth": [
            0.0,
            0.4666666666666666,
            0.1333333333333333,
            0.0,
            0.0,
            0.0,
            0.0
          ]
        },
        {
          "rule": "C and G and H -> T : excitation",
          "source": 6,
          "kernel_type": "triangular",
          "l1": 0.22349354195323698,
          "l2": 0.10636947840442545,
          "knots": [
            0.0,
            1.6666666666666667,
            3.3333333333333335,
            5.0,
            6.666666666666667,
            8.333333333333334,
            10.0
          ],
          "estimated": [
            0.04942642254251601,
            0.39961860408069555,
            0.1436249941407835,
            0.000980797826052378,
            0.031062372669490277,
            1.3335918422615009e-08,
            1.3351603653830422e-08
          ],
          "truth": [
            0.0,
            0.4666666666666666,
            0.1333333333333333,
            0.0,
            0.0,
            0.0,
            0.0
          ]
        },
        {
          "rule": "C and G and H -> T : excitation",
          "source": 7,
          "kernel_type": "triangular",
          "l1": 0.3294569863376634,
          "l2": 0.16451091761507464,
          "knots": [
            0.0,
            1.6666666666666667,
            3.3333333333333335,
            5.0,
            6.666666666666667,
            8.333333333333334,
            10.0
          ],
          "estimated": [
            0.04634244857152819,
            0.3678295707653676,
            0.20675461344969487,
            1.3244488331155554e-08,
            1.4062904731778768e-08,
            0.002244557595983854,
            1.3191592868285294e-08
          ],
          "truth": [
            0.0,
            0.4666666666666666,
            0.1333333333333333,
            0.0,
            0.0,
            0.0,
            0.0
          ]
        },
        {
          "rule": "E and F -> T : inhibition",
          "source": 4,
          "kernel_type": "triangular",
          "l1": 0.3981207922921087,
          "l2": 0.21294522267207733,
          "knots": [
            0.0,
            1.6666666666666667,
            3.3333333333333335,
            5.0,
            6.666666666666667,
            8.333333333333334,
            10.0
          ],