{
  "num_target_events": 12898,
  "supports": {
    "compact_AB_CD": {
      "support_rules": [
        "A",
        "B",
        "CD"
      ],
      "mu": 0.04476740246258578,
      "betas": [
        2.2290825574399586,
        2.2167799865500313,
        3.3592404776584135
      ],
      "ll": -57124.011641463716,
      "bic": 114300.4555130677,
      "success": true,
      "nit": 14
    },
    "compact_plus_EF": {
      "support_rules": [
        "A",
        "B",
        "CD",
        "EF"
      ],
      "mu": 0.04815353368874437,
      "betas": [
        2.22715769364872,
        2.213970793705102,
        3.3563840302343544,
        3.5268501353548274
      ],
      "ll": -56794.56093959949,
      "bic": 113654.66216687432,
      "success": true,
      "nit": 20
    },
    "compact_plus_DFG": {
      "support_rules": [
        "A",
        "B",
        "CD",
        "DFG"
      ],
      "mu": 0.04579789924441518,
      "betas": [
        2.2295878548530688,
        2.216422318505,
        3.1392708003777963,
        4.023834504694496
      ],
      "ll": -57041.86581868303,
      "bic": 114149.2719250414,
      "success": true,
      "nit": 21
    },
    "compact_plus_CGH": {
      "support_rules": [
        "A",
        "B",
        "CD",
        "CGH"
      ],
      "mu": 0.045809611598832366,
      "betas": [
        2.228017608942498,
        2.21642027004051,
        3.1386423506288255,
        4.235772793081031
      ],
      "ll": -57038.21191841895,
      "bic": 114141.96412451324,
      "success": true,
      "nit": 22
    },
    "full_truth": {
      "support_rules": [
        "A",
        "B",
        "CD",
        "EF",
        "CGH",
        "DFG"
      ],
      "mu": 0.0498767100971201,
      "betas": [
        2.2263910536552447,
        2.212935989701241,
        3.0177808658760608,
        3.361579220236615,
        4.080695493212404,
        2.853438644525746
      ],
      "ll": -56670.668708118756,
      "bic": 113433.09381898298,
      "success": true,
      "nit": 31
    },
    "best_bic": {
      "support_rules": [
        "A",
        "B",
        "CD",
        "EF",
        "CGH",
        "DFG"
      ],
      "mu": 0.0498767100971201,
      "betas": [
        2.2263910536552447,
        2.212935989701241,
        3.0177808658760608,
        3.361579220236615,
        4.080695493212404,
        2.853438644525746
      ],
      "ll": -56670.668708118756,
      "bic": 113433.09381898298,
      "success": true,
      "nit": 31
    },
    "best_ll": {
      "support_rules": [
        "A",
        "B",
        "CD",
        "EF",
        "CGH",
        "DFG"
      ],
      "mu": 0.0498767100971201,
      "betas": [
        2.2263910536552447,
        2.212935989701241,
        3.0177808658760608,
        3.361579220236615,
        4.080695493212404,
        2.853438644525746
      ],
      "ll": -56670.668708118756,
      "bic": 113433.09381898298,
      "success": true,
      "nit": 31
    }
  },
  "top5_bic": [
    {
      "support_rules": [
        "A",
        "B",
        "CD",
        "EF",
        "CGH",
        "DFG"
      ],
      "mu": 0.0498767100971201,
      "betas": [
        2.2263910536552447,
        2.212935989701241,
        3.0177808658760608,
        3.361579220236615,
        4.080695493212404,
        2.853438644525746
      ],
      "ll": -56670.668708118756,
      "bic": 113433.09381898298,
      "success": true,
      "nit": 31
    },
    {
      "support_rules": [
        "A",
        "B",
        "CD",
        "EF",
        "CGH"
      ],
      "mu": 0.04925687191206226,
      "betas": [
        2.225913186696574,
        2.213365230307476,
        3.1361679019502615,
        3.520056985220938,
        4.2040580557444756
      ],
      "ll": -56710.04884335279,
      "bic": 113498.74603191599,
      "success": true,
      "nit": 22
    },
    {
      "support_rules": [
        "A",
        "B",
        "CD",
        "EF",
        "DFG"
      ],
      "mu": 0.048813622827739704,
      "betas": [
        2.2276606496069022,
        2.213553550058638,
        3.2006352925816186,
        3.357658092523799,
        3.0272058755668634
      ],
      "ll": -56750.28740763673,
      "bic": 113579.22316048386,
      "success": true,
      "nit": 22
    },
    {
      "support_rules": [
        "A",
        "B",
        "CD",
        "EF"
      ],
      "mu": 0.04815353368874437,
      "betas": [
        2.22715769364872,
        2.213970793705102,
        3.3563840302343544,
        3.5268501353548274
      ],
      "ll": -56794.56093959949,
      "bic": 113654.66216687432,
      "success": true,
      "nit": 20
    },
    {
      "support_rules": [
        "A",
        "B",
        "EF",
        "CGH",
        "DFG"
      ],
      "mu": 0.04711601767956844,
      "betas": [
        2.227157182087229,
        2.2174476223480215,
        3.315475294299313,
        4.822749259213899,
        3.5545278472638553
      ],
      "ll": -56920.65504160413,
      "bic": 113919.95842841866,
      "success": true,
      "nit": 26
    }
  ]
}